{"cameraMode":{"drawMode":0,"name":"Shaded","section":"Shading Mode"},"sceneLighting":false,"audioPlay":false,"sceneViewState":{"showFog":true,"showMaterialUpdate":false,"showSkybox":false,"showFlares":true,"showImageEffects":true,"showParticleSystems":true},"in2DMode":false,"pivot":{"x":-6.701532363891602,"y":6.012632369995117,"z":-0.0183563232421875},"rotation":{"x":0.0018095303094014526,"y":-0.003003928577527404,"z":0.000006366090019582771,"w":0.9999978542327881},"size":69.07102966308594,"orthographic":false}