{"cameraMode":{"drawMode":0,"name":"Shaded","section":"Shading Mode"},"sceneLighting":false,"audioPlay":false,"sceneViewState":{"showFog":true,"showMaterialUpdate":false,"showSkybox":false,"showFlares":true,"showImageEffects":true,"showParticleSystems":true},"in2DMode":false,"pivot":{"x":-38.61935806274414,"y":25.048511505126954,"z":129.4718017578125},"rotation":{"x":0.10343693196773529,"y":0.059636205434799197,"z":-0.006213161628693342,"w":0.9928281307220459},"size":37.22476577758789,"orthographic":false}