{"cameraMode":{"drawMode":0,"name":"Shaded","section":"Shading Mode"},"sceneLighting":false,"audioPlay":false,"sceneViewState":{"showFog":true,"showMaterialUpdate":false,"showSkybox":false,"showFlares":true,"showImageEffects":true,"showParticleSystems":true},"in2DMode":false,"pivot":{"x":25.966609954833986,"y":-0.8840854167938232,"z":-1.377016544342041},"rotation":{"x":0.0227577593177557,"y":0.7298517227172852,"z":-0.024315042421221734,"w":0.682814359664917},"size":14.22710132598877,"orthographic":false}